arm,sampler,replay,step_density,regime,c,gamma,N,seed,price,ci95,std,bangbang,cpu_train,t_total,wall_s
A0,mc,uniform,1.0,g2,0.04,2.0,1024,11,1.966086,0.018674,2.439014,0.164042,9.9293,14.3752,14.390996932983398
A0,mc,uniform,1.0,g2,0.04,2.0,1024,12,1.957289,0.01862,2.432016,0.159439,9.9936,14.4284,14.441060066223145
A0,mc,uniform,1.0,g2,0.04,2.0,1024,13,1.969617,0.018807,2.456431,0.153475,9.8848,14.2164,14.241554975509644
A0,mc,uniform,1.0,g2,0.04,2.0,1024,14,1.969542,0.019,2.481591,0.129286,9.9703,14.5523,14.564130067825317
A0,mc,uniform,1.0,g2,0.04,2.0,1024,15,1.970257,0.018967,2.477269,0.155895,9.5513,13.576,13.589459896087646
A0,mc,uniform,1.0,g2,0.04,2.0,1024,16,1.963819,0.018793,2.454561,0.178996,9.7492,13.9398,13.970340013504028
A0,mc,uniform,1.0,g2,0.04,2.0,1024,17,1.967527,0.018774,2.452105,0.161879,9.7378,14.0237,14.072139024734497
A0,mc,uniform,1.0,g2,0.04,2.0,1024,18,1.969804,0.018911,2.469988,0.13776,9.7852,13.8946,13.911065101623535
A0,mc,uniform,1.0,g2,0.04,2.0,1024,19,1.985381,0.019111,2.496123,0.170391,10.0627,15.6473,15.67224669456482
A0,mc,uniform,1.0,g2,0.04,2.0,1024,20,1.963548,0.019092,2.493691,0.183363,9.9487,15.9255,15.941372156143188
A0,mc,uniform,1.0,g2,0.04,2.0,1024,21,1.967846,0.018852,2.462365,0.165213,9.8389,15.2176,15.240936994552612
A0,mc,uniform,1.0,g2,0.04,2.0,1024,22,1.96311,0.019044,2.48733,0.192173,10.0698,15.8067,15.837207794189453
A1,arqmc,uniform,1.0,g2,0.04,2.0,1024,11,1.884638,0.017935,2.342492,0.327138,10.1809,12.2832,12.307813882827759
A1,arqmc,uniform,1.0,g2,0.04,2.0,1024,12,1.927681,0.018982,2.479254,0.22706,10.2636,12.312,12.335290908813477
A1,arqmc,uniform,1.0,g2,0.04,2.0,1024,13,1.905809,0.018506,2.417062,0.279734,10.1643,12.0722,12.093629360198975
A1,arqmc,uniform,1.0,g2,0.04,2.0,1024,14,1.899891,0.018608,2.430391,0.32104,10.2468,12.2836,12.30531096458435
A1,arqmc,uniform,1.0,g2,0.04,2.0,1024,15,1.9189,0.01916,2.502515,0.3106,10.2138,12.0087,12.032132148742676
A1,arqmc,uniform,1.0,g2,0.04,2.0,1024,16,1.870279,0.018309,2.391367,0.378266,10.1191,11.8119,11.835188865661621
A1,arqmc,uniform,1.0,g2,0.04,2.0,1024,17,1.918239,0.018522,2.419139,0.257841,10.4022,12.3974,12.415772199630737
A1,arqmc,uniform,1.0,g2,0.04,2.0,1024,18,1.852152,0.017931,2.342033,0.417382,10.1624,11.9341,11.953328847885132
A1,arqmc,uniform,1.0,g2,0.04,2.0,1024,19,1.874888,0.018715,2.444372,0.442457,10.3978,12.3631,12.381487846374512
A1,arqmc,uniform,1.0,g2,0.04,2.0,1024,20,1.868478,0.01877,2.451627,0.40088,10.3402,12.1932,12.214807987213135
A1,arqmc,uniform,1.0,g2,0.04,2.0,1024,21,1.889297,0.018817,2.457743,0.378439,10.2891,12.1239,12.142512321472168
A1,arqmc,uniform,1.0,g2,0.04,2.0,1024,22,1.932727,0.018647,2.435528,0.281582,10.3814,12.1446,12.165040969848633
A2,mc,time,2.0,g2,0.04,2.0,1024,11,1.971377,0.018778,2.452695,0.136353,12.3339,14.4209,14.44268798828125
A2,mc,time,2.0,g2,0.04,2.0,1024,12,1.961951,0.018601,2.429502,0.171712,12.2174,14.3458,14.361008882522583
A2,mc,time,2.0,g2,0.04,2.0,1024,13,1.96774,0.018708,2.443528,0.143488,12.1084,14.0443,14.06545114517212
A2,mc,time,2.0,g2,0.04,2.0,1024,14,1.966022,0.018816,2.457579,0.151362,12.255,14.3345,14.356102228164673
A2,mc,time,2.0,g2,0.04,2.0,1024,15,1.964424,0.018699,2.442351,0.150008,11.7365,15.3468,15.3643798828125
A2,mc,time,2.0,g2,0.04,2.0,1024,16,1.965256,0.018726,2.445895,0.148402,11.7172,15.3162,15.335148096084595
A2,mc,time,2.0,g2,0.04,2.0,1024,17,1.976046,0.018879,2.465814,0.120871,11.7112,15.3094,15.330321073532104
A2,mc,time,2.0,g2,0.04,2.0,1024,18,1.970775,0.018899,2.468392,0.131548,11.661,15.4033,15.418761014938354
A2,mc,time,2.0,g2,0.04,2.0,1024,19,1.982978,0.019032,2.485786,0.16646,11.7946,14.8823,14.903499126434326
A2,mc,time,2.0,g2,0.04,2.0,1024,20,1.963959,0.018952,2.475382,0.167882,11.7016,14.7589,14.775238275527954
A2,mc,time,2.0,g2,0.04,2.0,1024,21,1.959628,0.018638,2.434358,0.13184,11.8944,15.332,15.351256132125854
A2,mc,time,2.0,g2,0.04,2.0,1024,22,1.971114,0.019037,2.486457,0.164352,11.8386,14.6096,14.629517078399658
A4,mc,coverage,1.0,g2,0.04,2.0,1024,11,1.971667,0.018761,2.450371,0.155141,12.3928,14.372,14.397678136825562
A4,mc,coverage,1.0,g2,0.04,2.0,1024,12,1.956332,0.018673,2.43886,0.176799,12.4707,14.4718,14.493079900741577
A4,mc,coverage,1.0,g2,0.04,2.0,1024,13,1.967794,0.018789,2.454126,0.163141,12.5347,14.6078,14.628528118133545
A4,mc,coverage,1.0,g2,0.04,2.0,1024,14,1.958325,0.0187,2.442463,0.193854,12.6649,14.8644,14.885446786880493
A4,mc,coverage,1.0,g2,0.04,2.0,1024,15,1.961054,0.018614,2.431205,0.153672,12.6326,15.2031,15.228209257125854
A4,mc,coverage,1.0,g2,0.04,2.0,1024,16,1.961026,0.018764,2.450787,0.178522,12.6247,14.9814,15.003275871276855
A4,mc,coverage,1.0,g2,0.04,2.0,1024,17,1.967674,0.018734,2.446876,0.183364,12.6496,14.9829,15.001797914505005
A4,mc,coverage,1.0,g2,0.04,2.0,1024,18,1.968346,0.01887,2.464698,0.143178,12.5116,14.6548,14.674928903579712
A4,mc,coverage,1.0,g2,0.04,2.0,1024,19,1.984847,0.018909,2.46971,0.162061,12.5842,14.9086,14.931737661361694
A4,mc,coverage,1.0,g2,0.04,2.0,1024,20,1.956425,0.018915,2.470548,0.183098,12.4671,14.7648,14.784670114517212
A4,mc,coverage,1.0,g2,0.04,2.0,1024,21,1.966686,0.018658,2.436957,0.145584,12.5172,14.8688,14.889364242553711
A4,mc,coverage,1.0,g2,0.04,2.0,1024,22,1.959284,0.018899,2.468464,0.175756,12.4989,14.8466,14.867407083511353
A0,mc,uniform,1.0,g2,0.04,2.0,2048,11,1.976423,0.018834,2.459941,0.157105,22.4498,33.9443,33.967491149902344
A0,mc,uniform,1.0,g2,0.04,2.0,2048,12,1.967299,0.018762,2.450609,0.149079,22.442,33.771,33.791786909103394
A0,mc,uniform,1.0,g2,0.04,2.0,2048,13,1.97955,0.018937,2.473395,0.140714,22.4892,33.4581,33.48247718811035
A0,mc,uniform,1.0,g2,0.04,2.0,2048,14,1.969156,0.018896,2.468109,0.15913,22.3654,34.0761,34.10088109970093
A0,mc,uniform,1.0,g2,0.04,2.0,2048,15,1.975604,0.019023,2.484623,0.16069,23.0698,31.9025,32.023030042648315
A0,mc,uniform,1.0,g2,0.04,2.0,2048,16,1.973863,0.019034,2.486063,0.166213,22.9411,31.9168,31.989797115325928
A0,mc,uniform,1.0,g2,0.04,2.0,2048,17,1.979469,0.018962,2.476606,0.146664,22.9838,32.5634,32.58032512664795
A0,mc,uniform,1.0,g2,0.04,2.0,2048,18,1.975479,0.019003,2.481986,0.152101,22.8904,31.6719,31.7331120967865
A0,mc,uniform,1.0,g2,0.04,2.0,2048,19,1.990385,0.01906,2.489508,0.158882,23.7256,33.8681,33.900871992111206
A0,mc,uniform,1.0,g2,0.04,2.0,2048,20,1.974658,0.019112,2.496266,0.155088,23.903,33.9136,33.930442094802856
A0,mc,uniform,1.0,g2,0.04,2.0,2048,21,1.978974,0.018902,2.468883,0.141351,23.5966,34.0681,34.087682008743286
A0,mc,uniform,1.0,g2,0.04,2.0,2048,22,1.976893,0.019185,2.505845,0.147619,23.6449,33.5965,33.61405801773071
A1,arqmc,uniform,1.0,g2,0.04,2.0,2048,11,1.939575,0.018984,2.479593,0.144302,22.8209,27.097,27.121958017349243
A1,arqmc,uniform,1.0,g2,0.04,2.0,2048,12,1.93517,0.018766,2.45109,0.179874,22.3407,26.3972,26.415894031524658
A1,arqmc,uniform,1.0,g2,0.04,2.0,2048,13,1.953544,0.019078,2.491765,0.198238,22.7129,26.9962,27.01655101776123
A1,arqmc,uniform,1.0,g2,0.04,2.0,2048,14,1.941765,0.019251,2.514416,0.169999,22.6987,26.8142,26.835179805755615
A1,arqmc,uniform,1.0,g2,0.04,2.0,2048,15,1.953907,0.018805,2.45612,0.170233,22.9389,27.7484,27.76894187927246
A1,arqmc,uniform,1.0,g2,0.04,2.0,2048,16,1.943601,0.018962,2.47671,0.237227,22.7882,27.5405,27.56272006034851
A1,arqmc,uniform,1.0,g2,0.04,2.0,2048,17,1.952278,0.018816,2.457646,0.199182,22.7124,27.6064,27.62748384475708
A1,arqmc,uniform,1.0,g2,0.04,2.0,2048,18,1.933126,0.019486,2.545061,0.26625,22.9268,27.689,27.710691213607788
A1,arqmc,uniform,1.0,g2,0.04,2.0,2048,19,1.94382,0.01927,2.516848,0.191133,23.0896,28.0439,28.08021903038025
A1,arqmc,uniform,1.0,g2,0.04,2.0,2048,20,1.940337,0.019359,2.528546,0.250648,23.0362,28.1303,28.152737140655518
A1,arqmc,uniform,1.0,g2,0.04,2.0,2048,21,1.947273,0.019248,2.514037,0.205018,23.1223,28.0351,28.0587420463562
A1,arqmc,uniform,1.0,g2,0.04,2.0,2048,22,1.932786,0.019081,2.492197,0.219658,22.83,27.5184,27.539830923080444
A2,mc,time,2.0,g2,0.04,2.0,2048,11,1.978648,0.018926,2.472031,0.148932,26.7227,31.4396,31.466641902923584
A2,mc,time,2.0,g2,0.04,2.0,2048,12,1.966516,0.01864,2.434664,0.147396,26.7544,31.0911,31.11089515686035
A2,mc,time,2.0,g2,0.04,2.0,2048,13,1.975508,0.018912,2.470079,0.162996,26.8892,31.5834,31.603957891464233
A2,mc,time,2.0,g2,0.04,2.0,2048,14,1.969879,0.018855,2.462646,0.14248,27.0422,32.011,32.02697014808655
A2,mc,time,2.0,g2,0.04,2.0,2048,15,1.968162,0.018875,2.465272,0.168571,26.7864,31.3745,31.395308017730713
A2,mc,time,2.0,g2,0.04,2.0,2048,16,1.97851,0.019069,2.490686,0.153271,27.1904,32.1784,32.19830679893494
A2,mc,time,2.0,g2,0.04,2.0,2048,17,1.979659,0.018977,2.478615,0.140326,26.9798,31.742,31.76242709159851
A2,mc,time,2.0,g2,0.04,2.0,2048,18,1.981811,0.019114,2.496495,0.141799,26.8972,31.3977,31.41558313369751
A2,mc,time,2.0,g2,0.04,2.0,2048,19,1.991492,0.018967,2.477281,0.157652,26.8629,32.0563,32.103256940841675
A2,mc,time,2.0,g2,0.04,2.0,2048,20,1.970068,0.019028,2.485253,0.151194,26.9726,32.0391,32.06116580963135
A2,mc,time,2.0,g2,0.04,2.0,2048,21,1.975521,0.018822,2.45844,0.149208,26.8895,32.0488,32.07731604576111
A2,mc,time,2.0,g2,0.04,2.0,2048,22,1.972806,0.018974,2.478244,0.153507,27.1044,32.2854,32.30727815628052
A4,mc,coverage,1.0,g2,0.04,2.0,2048,11,1.975004,0.018849,2.461861,0.156469,27.8222,32.7993,32.82300901412964
A4,mc,coverage,1.0,g2,0.04,2.0,2048,12,1.967335,0.01871,2.443732,0.166335,27.6905,32.7189,32.73980379104614
A4,mc,coverage,1.0,g2,0.04,2.0,2048,13,1.980827,0.019106,2.495526,0.146527,27.7053,32.4733,32.49350595474243
A4,mc,coverage,1.0,g2,0.04,2.0,2048,14,1.969326,0.01886,2.463286,0.156699,27.7293,32.8008,32.82160711288452
A4,mc,coverage,1.0,g2,0.04,2.0,2048,15,1.967216,0.018751,2.449075,0.168188,27.9463,32.8608,32.883135080337524
A4,mc,coverage,1.0,g2,0.04,2.0,2048,16,1.974899,0.018997,2.481276,0.164046,27.6823,32.7763,32.797013998031616
A4,mc,coverage,1.0,g2,0.04,2.0,2048,17,1.97446,0.01889,2.467223,0.158552,27.6817,32.4307,32.4550199508667
A4,mc,coverage,1.0,g2,0.04,2.0,2048,18,1.973476,0.018914,2.470423,0.145894,27.8017,32.7399,32.76054406166077
A4,mc,coverage,1.0,g2,0.04,2.0,2048,19,1.988484,0.018976,2.478541,0.154849,27.6764,32.2445,32.266672134399414
A4,mc,coverage,1.0,g2,0.04,2.0,2048,20,1.966673,0.018938,2.473578,0.179832,27.5227,31.7838,31.80337691307068
A4,mc,coverage,1.0,g2,0.04,2.0,2048,21,1.974872,0.01879,2.45417,0.151833,27.8419,32.6553,32.675877809524536
A4,mc,coverage,1.0,g2,0.04,2.0,2048,22,1.969214,0.018855,2.46273,0.163169,27.7481,32.496,32.519384145736694
A0,mc,uniform,1.0,g2,0.04,2.0,4096,11,1.983094,0.019106,2.49552,0.157401,51.6787,69.4794,69.49602580070496
A0,mc,uniform,1.0,g2,0.04,2.0,4096,12,1.971142,0.01889,2.467239,0.168963,52.0898,70.4476,70.4633400440216
A0,mc,uniform,1.0,g2,0.04,2.0,4096,13,1.981117,0.019037,2.486454,0.15642,51.3427,68.9153,68.94017910957336
A0,mc,uniform,1.0,g2,0.04,2.0,4096,14,1.974036,0.018919,2.471001,0.148327,51.7674,69.8553,69.87002301216125
A0,mc,uniform,1.0,g2,0.04,2.0,4096,15,1.975287,0.01913,2.498658,0.147515,52.2913,65.7821,65.80842280387878
A0,mc,uniform,1.0,g2,0.04,2.0,4096,16,1.982772,0.019138,2.499688,0.143766,52.1223,65.5289,65.54538893699646
A0,mc,uniform,1.0,g2,0.04,2.0,4096,17,1.984668,0.019109,2.495809,0.141205,52.3433,65.6968,65.71690201759338
A0,mc,uniform,1.0,g2,0.04,2.0,4096,18,1.980172,0.019162,2.502807,0.157561,52.3954,65.581,65.59937715530396
A0,mc,uniform,1.0,g2,0.04,2.0,4096,19,1.994653,0.019176,2.504618,0.161516,52.4333,62.2183,62.24265789985657
A0,mc,uniform,1.0,g2,0.04,2.0,4096,20,1.975336,0.018975,2.478373,0.159754,52.6295,62.268,62.286317110061646
A0,mc,uniform,1.0,g2,0.04,2.0,4096,21,1.982691,0.019023,2.484619,0.147853,52.5487,62.2104,62.22980809211731
A0,mc,uniform,1.0,g2,0.04,2.0,4096,22,1.979965,0.019157,2.502118,0.139894,53.2166,63.1568,63.17672896385193
A1,arqmc,uniform,1.0,g2,0.04,2.0,4096,11,1.970881,0.019018,2.483999,0.145484,48.2755,58.7398,58.77139592170715
A1,arqmc,uniform,1.0,g2,0.04,2.0,4096,12,1.951402,0.019014,2.483461,0.171133,48.9217,60.7308,60.748522996902466
A1,arqmc,uniform,1.0,g2,0.04,2.0,4096,13,1.949904,0.019059,2.489323,0.15986,48.1033,59.3599,59.40053081512451
A1,arqmc,uniform,1.0,g2,0.04,2.0,4096,14,1.959783,0.018884,2.466491,0.180262,48.46,60.6227,60.64355111122131
A1,arqmc,uniform,1.0,g2,0.04,2.0,4096,15,1.938691,0.019338,2.525831,0.158818,48.7601,60.471,60.49443006515503
A1,arqmc,uniform,1.0,g2,0.04,2.0,4096,16,1.960703,0.019203,2.508085,0.190114,48.7047,60.312,60.32910704612732
A1,arqmc,uniform,1.0,g2,0.04,2.0,4096,17,1.966732,0.018948,2.474801,0.201311,48.694,60.3033,60.32466387748718
A1,arqmc,uniform,1.0,g2,0.04,2.0,4096,18,1.961275,0.019451,2.540592,0.145042,49.1071,60.9603,60.97820711135864
A1,arqmc,uniform,1.0,g2,0.04,2.0,4096,19,1.975336,0.019508,2.547993,0.153354,48.3591,60.5598,60.60076284408569
A1,arqmc,uniform,1.0,g2,0.04,2.0,4096,20,1.95852,0.019286,2.519038,0.186789,48.5816,59.8523,59.94843912124634
A1,arqmc,uniform,1.0,g2,0.04,2.0,4096,21,1.967419,0.01916,2.502545,0.167846,48.3879,59.4805,59.50173020362854
A1,arqmc,uniform,1.0,g2,0.04,2.0,4096,22,1.960166,0.01909,2.493416,0.170598,48.5221,59.2893,59.309895038604736
A2,mc,time,2.0,g2,0.04,2.0,4096,11,1.985771,0.01914,2.499892,0.146752,58.5797,71.3896,71.41628122329712
A2,mc,time,2.0,g2,0.04,2.0,4096,12,1.967572,0.018635,2.433939,0.14036,58.6344,71.5091,71.52675890922546
A2,mc,time,2.0,g2,0.04,2.0,4096,13,1.984331,0.019087,2.493042,0.144552,58.124,70.5516,70.5716061592102
A2,mc,time,2.0,g2,0.04,2.0,4096,14,1.971878,0.018912,2.470174,0.154338,58.3353,70.7257,70.74602794647217
A2,mc,time,2.0,g2,0.04,2.0,4096,15,1.974282,0.018961,2.476505,0.15765,58.829,70.8544,70.87801790237427
A2,mc,time,2.0,g2,0.04,2.0,4096,16,1.972195,0.018906,2.469336,0.15243,58.9186,71.2444,71.2656021118164
A2,mc,time,2.0,g2,0.04,2.0,4096,17,1.98525,0.018969,2.477526,0.154731,58.8493,71.6127,71.63247203826904
A2,mc,time,2.0,g2,0.04,2.0,4096,18,1.973957,0.018973,2.478158,0.16538,58.865,71.1904,71.21024084091187
A2,mc,time,2.0,g2,0.04,2.0,4096,19,1.993363,0.019034,2.48606,0.138724,58.3196,68.4292,68.46592831611633
A2,mc,time,2.0,g2,0.04,2.0,4096,20,1.972477,0.01895,2.475044,0.138548,58.5119,68.5963,68.61955976486206
A2,mc,time,2.0,g2,0.04,2.0,4096,21,1.978488,0.018864,2.46389,0.133883,58.3199,67.9674,67.98852109909058
A2,mc,time,2.0,g2,0.04,2.0,4096,22,1.976049,0.018945,2.474463,0.136119,58.7641,69.283,69.30536794662476
A4,mc,coverage,1.0,g2,0.04,2.0,4096,11,1.980134,0.019049,2.488081,0.156224,58.5186,69.5418,69.56373405456543
A4,mc,coverage,1.0,g2,0.04,2.0,4096,12,1.970458,0.018799,2.455415,0.160425,58.1989,69.8226,69.84395718574524
A4,mc,coverage,1.0,g2,0.04,2.0,4096,13,1.98405,0.019186,2.505987,0.163912,58.0649,68.9661,68.98339605331421
A4,mc,coverage,1.0,g2,0.04,2.0,4096,14,1.967141,0.018814,2.457391,0.145728,58.3392,69.3776,69.40440773963928
A4,mc,coverage,1.0,g2,0.04,2.0,4096,15,1.974964,0.018948,2.474819,0.146421,58.6152,69.9831,70.00782895088196
A4,mc,coverage,1.0,g2,0.04,2.0,4096,16,1.980404,0.019147,2.500864,0.159535,58.6406,70.2608,70.28174614906311
A4,mc,coverage,1.0,g2,0.04,2.0,4096,17,1.98196,0.018985,2.479721,0.142505,58.3365,69.798,69.8139100074768
A4,mc,coverage,1.0,g2,0.04,2.0,4096,18,1.975067,0.018975,2.478432,0.155074,58.2903,69.1282,69.14829421043396
A4,mc,coverage,1.0,g2,0.04,2.0,4096,19,1.996968,0.019114,2.496466,0.160764,51.1874,56.5266,56.559234857559204
A4,mc,coverage,1.0,g2,0.04,2.0,4096,20,1.966822,0.018859,2.463182,0.168695,50.8807,56.1454,56.164608001708984
A4,mc,coverage,1.0,g2,0.04,2.0,4096,21,1.978337,0.018928,2.472282,0.160181,51.0426,56.2078,56.22634673118591
A4,mc,coverage,1.0,g2,0.04,2.0,4096,22,1.975364,0.018997,2.481189,0.14884,49.6922,54.6288,54.65064096450806
