Configuration,c,gamma,LSM_full,LSM_full_CI95,RL_seed11,RL_seed12,RL_seed13,RL_mean,RL_std,RL_best,RL_best_seed,PctDiff_mean,PctDiff_best,PctDiff_CI95,RL_BangBangness_mean,LSM_BangBangness
SwingOption_20_c0.01_gamma1_v64_4k,0.01,1.0,2.554873220290165,0.021688769596130753,2.5508911007430157,2.549353078311711,2.5507878933906634,2.550344024148463,0.0008597343647474215,2.5508911007430157,11,-0.17727674726604944,-0.15586368495799408,0.038079424506620274,0.6503526839494591,0.9996419955717606
SwingOption_20_c0.01_gamma1.5_v64_4k,0.01,1.5,2.513135013168324,0.021364750520918463,2.509022972970201,2.5085106898081166,2.508934880821929,2.508822847866749,0.0002739015276036813,2.509022972970201,11,-0.17158510302788596,-0.163621937403938,0.01233315181775207,0.5707574666298701,0.7383440986494422
SwingOption_20_c0.01_gamma2_v64_4k,0.01,2.0,2.4609071077534552,0.021121642559958076,2.4581481852676745,2.45671467196963,2.457639679300537,2.4575008455126137,0.0007267710846060497,2.4581481852676745,11,-0.13841490522375138,-0.11210998079075367,0.03341933959345573,0.447369341599658,0.5682292366635896
SwingOption_20_c0.01_gamma3_v64_4k,0.01,3.0,2.328915530484535,0.020410866734056565,2.3306251374966522,2.3287694708000553,2.3283022688215187,2.329232292372742,0.0012286507138269107,2.3306251374966522,11,0.013601261362256981,0.07340785828164981,0.059699424462681186,0.19689090173652457,0.256161197273082
SwingOption_20_c0.02_gamma1_v64_4k,0.02,1.0,2.4452390516905838,0.021258371625777706,2.442680275524662,2.442325824230997,2.4408709006776124,2.441959000144424,0.0009588426706982033,2.442680275524662,11,-0.13414032234975973,-0.10464319078139767,0.044373274030795606,0.6806942043502744,0.9999232679879729
SwingOption_20_c0.02_gamma1.5_v64_4k,0.02,1.5,2.368995078224865,0.02075800990146659,2.366776198879117,2.3660426070741387,2.3666225223924586,2.366480442781905,0.0003868839566125189,2.366776198879117,11,-0.10614776983177279,-0.09366331598337133,0.01848042719696183,0.4893257325970315,0.6168448233480591
SwingOption_20_c0.02_gamma2_v64_4k,0.02,2.0,2.2821689872462416,0.02052356258287724,2.2812871865378392,2.2800902478722134,2.280400615118458,2.2805926831761703,0.0006211546879904661,2.2812871865378392,11,-0.0690704360141796,-0.03863871226584308,0.030799765640262714,0.3009555005566235,0.39323886886948023
SwingOption_20_c0.02_gamma3_v64_4k,0.02,3.0,2.1030311293898976,0.01937688368130175,2.1117144537497214,2.11138200664443,2.112636033122995,2.111910831172382,0.0006496681239938661,2.112636033122995,13,0.42223349233353885,0.4567171450231495,0.03495757526451648,0.06494129098701883,0.10598053714179344
SwingOption_20_c0.04_gamma1_v64_4k,0.04,1.0,2.237811826919207,0.020342508106154567,2.2342564143786654,2.234037837027054,2.2329569751169505,2.23375040884089,0.0006957706665078514,2.2342564143786654,11,-0.18149059851508145,-0.1588789771227742,0.03518341526619478,0.6625989503637529,0.9997389564937608
SwingOption_20_c0.04_gamma1.5_v64_4k,0.04,1.5,2.106734893134199,0.019811330931854165,2.1059402254371995,2.105771383800157,2.105281044408086,2.1056642178818143,0.0003424081012863525,2.1059402254371995,11,-0.05082154645436808,-0.03772034628510845,0.018392026627816967,0.3504042519435881,0.46314002916490565
SwingOption_20_c0.04_gamma2_v64_4k,0.04,2.0,1.9821827523762008,0.0192666010924053,1.9849665627551647,1.9859320384294792,1.9819665438650564,1.9842883816832335,0.002067905694141044,1.9859320384294792,12,0.10622780893984393,0.1891493631847937,0.11805448206882682,0.14854442338041104,0.21607354763975542
SwingOption_20_c0.04_gamma3_v64_4k,0.04,3.0,1.791712076562641,0.01824478360347548,1.8126825733764842,1.812165647929732,1.8117497119036405,1.8121993110699524,0.00046734092174357064,1.8126825733764842,11,1.1434445732271652,1.170416669517266,0.02951624005792586,0.017119544481881663,0.03283467244349157
SwingOption_20_c0.05_gamma1_v64_4k,0.05,1.0,2.1391889196319616,0.019897471466307826,2.1354397921601254,2.135430948923092,2.1354662441997982,2.1354456617610054,1.836513817831182e-05,2.1354662441997982,13,-0.17498491304826913,-0.17402275217486562,0.0009714948526679618,0.6633698225148327,0.9999560213108163
SwingOption_20_c0.05_gamma1.5_v64_4k,0.05,1.5,1.9868887732159424,0.019327307570995877,1.987566028761188,1.9861631260499408,1.9864517979328404,1.9867269842479898,0.000740830368802667,1.987566028761188,11,-0.008142829640671546,0.03408623343064524,0.04219302522068977,0.3047741509916528,0.4094793222070995
SwingOption_20_c0.05_gamma2_v64_4k,0.05,2.0,1.8540567457084656,0.01873313405849808,1.8568057041416135,1.8558436231283673,1.857694856855817,1.8567813947085992,0.0009258562468395947,1.857694856855817,13,0.14695607383324452,0.1962243688480619,0.0565087867444628,0.10797908502296268,0.1676023541786299
SwingOption_20_c0.05_gamma3_v64_4k,0.05,3.0,1.6748848388857966,0.017676571585487744,1.7002548547907539,1.7008086712739936,1.700913716204107,1.700659080756285,0.0003539881110188668,1.700913716204107,13,1.5388665102273162,1.5540696717767104,0.023916585058609306,0.010826039611615266,0.020815947346045444
SwingOption_20_c0.08_gamma1_v64_4k,0.08,1.0,1.8631736681043618,0.01883349884690333,1.8579592264488496,1.857886649791127,1.860288211860326,1.8587113627001006,0.001366073496700807,1.860288211860326,13,-0.23950023986766825,-0.15486780934230593,0.08296906040094056,0.6827983793448894,0.999937041804242
SwingOption_20_c0.08_gamma1.5_v64_4k,0.08,1.5,1.6665771055158487,0.018100894972626236,1.6705161734238172,1.6708120849782657,1.6707594329954476,1.67069589713251,0.00015785599900997851,1.6708120849782657,12,0.24714077752715358,0.2541124229056408,0.010718428707027125,0.19847560431786207,0.2976463821775683
SwingOption_20_c0.08_gamma2_v64_4k,0.08,2.0,1.5332280821853557,0.017185267114839475,1.5460041632167885,1.5455698010819696,1.5451347266982554,1.545569563665671,0.0004347183078898522,1.5460041632167885,11,0.8049344793323019,0.8332798740043077,0.032084598540570185,0.04996300378598086,0.08888963276631277
SwingOption_20_c0.10_gamma1_v64_4k,0.1,1.0,1.694936805192018,0.018140996256285624,1.6912986506744423,1.6911152428183034,1.6917340075216643,1.69138263367147,0.0003178164523331482,1.6917340075216643,13,-0.2096934534468024,-0.18896265987868818,0.021218677353686287,0.6773097098394031,0.9999395914114089
SwingOption_20_c0.10_gamma1.5_v64_4k,0.1,1.5,1.482499354082136,0.017352528055367022,1.4900262984775874,1.4895565824526051,1.4896305404162133,1.4897378071154685,0.00025256265481682464,1.4900262984775874,11,0.48826011380045725,0.5077199106175325,0.019278359078854373,0.1621354643353324,0.24711262279183507
SwingOption_20_c0.10_gamma2_v64_4k,0.1,2.0,1.3606302581762686,0.016186602196266664,1.3785878015120236,1.3778023213894834,1.3784320469243987,1.3782740566086353,0.0004158911644080881,1.3785878015120236,11,1.296737179431519,1.3197959715980878,0.03458876161191766,0.03257702465945241,0.06318425841933809
SwingOption_20_c0.15_gamma1_v64_4k,0.15,1.0,1.3294860323283937,0.016913151591331665,1.3273210764688514,1.326841504196905,1.3271502295104975,1.3271042700587514,0.0002430670574318223,1.3273210764688514,11,-0.17914910060927575,-0.16284156485274587,0.020688917532701755,0.7237939469913437,0.999893177775404
SwingOption_20_c0.15_gamma1.5_v64_4k,0.15,1.5,1.108229810995475,0.015450570007941922,1.1219834396628252,1.1217109437961081,1.122229880052287,1.1219747545037402,0.00025957712434934277,1.122229880052287,13,1.2402611238113856,1.2632821205410818,0.026505257792021345,0.09748667459646661,0.16726847138103684
SwingOption_20_c0.15_gamma2_v64_4k,0.15,2.0,1.032111712919547,0.01411020632144011,1.0639276660290422,1.0642865843456824,1.0643711350033556,1.06419512845936,0.0002354555523912833,1.0643711350033556,13,3.108521600734318,3.12557465243331,0.025815329553299637,0.014323345213223185,0.03145024397271515
