c,gamma,mode,V_dp,U_num,V_ext,p_obs,fit_rms,ladder_V,nX,nY,nQ,Mx,Nmax,interp,fp64,X_lo,X_hi,Y_lo,Y_hi,threads,t_ladder_s,git
0.0,1.0,latticeQ,2.666248048,1.23e-04,,,,2.666062216;2.666141331;2.666149300;2.666180513;2.666204946;2.666248048,641,641,11,48,3,1,1,-1.6,1.6,0.0,4.0,8,5.8,04466f4
0.01,1.0,latticeQ,2.553982884,1.24e-04,,,,2.553914983;2.553806394;2.553975633;2.554035149;2.554074542;2.553982884,641,641,11,48,3,1,1,-1.6,1.6,0.0,4.0,8,5.9,04466f4
0.01,1.5,ladder,2.512894035,9.25e-05,2.512850000,1.34,,2.513132284;2.512961492;2.512894035,121,121,401,24,3,1,1,-1.6,1.6,0.0,4.0,8,51.2,04466f4
0.01,2.0,ladder,2.461284177,7.14e-05,2.461257070,1.53,,2.461481948;2.461335146;2.461284177,121,121,401,24,3,1,1,-1.6,1.6,0.0,4.0,8,25.7,04466f4
0.01,3.0,ladder,2.334238705,4.85e-05,2.334229891,1.81,,2.334338855;2.334260880;2.334238705,121,121,401,24,3,1,1,-1.6,1.6,0.0,4.0,8,26.8,04466f4
0.02,1.0,latticeQ,2.445089226,1.43e-04,,,,2.445166504;2.444933365;2.445107503;2.445167643;2.445053575;2.445089226,641,641,11,48,3,1,1,-1.6,1.6,0.0,4.0,8,6.7,04466f4
0.02,1.5,ladder,2.369545025,7.65e-05,2.369513817,1.40,,2.369731548;2.369596248;2.369545025,121,121,401,24,3,1,1,-1.6,1.6,0.0,4.0,8,55.2,04466f4
0.02,2.0,ladder,2.285079511,5.59e-05,2.285064788,1.70,,2.285219203;2.285112469;2.285079511,121,121,401,24,3,1,1,-1.6,1.6,0.0,4.0,8,25.7,04466f4
0.02,3.0,ladder,2.115780974,4.05e-05,2.115778574,1.95,,2.115814218;2.115787823;2.115780974,121,121,401,24,3,1,1,-1.6,1.6,0.0,4.0,8,26.6,04466f4
0.04,1.0,latticeQ,2.237648000,1.45e-04,,,,2.237753812;2.237493849;2.237694581;2.237578759;2.237599922;2.237648000,641,641,11,48,3,1,1,-1.6,1.6,0.0,4.0,8,6.7,04466f4
0.04,1.5,ladder,2.109574961,5.78e-05,2.109558710,1.55,,2.109698266;2.109606333;2.109574961,121,121,401,24,3,1,1,-1.6,1.6,0.0,4.0,8,55.9,04466f4
0.04,2.0,ladder,1.990298805,4.52e-05,1.990292663,1.84,,1.990370937;1.990314590;1.990298805,121,121,401,24,3,1,1,-1.6,1.6,0.0,4.0,8,26.4,04466f4
0.04,3.0,ladder,1.816488940,3.78e-05,1.816488721,2.40,,1.816494806;1.816489877;1.816488940,121,121,401,24,3,1,1,-1.6,1.6,0.0,4.0,8,27.0,04466f4
0.05,1.0,latticeQ,2.138980858,1.86e-04,,,,2.138978361;2.138908127;2.139069032;2.138920015;2.138988777;2.138980858,641,641,11,48,3,1,1,-1.6,1.6,0.0,4.0,8,6.8,04466f4
0.05,1.5,ladder,1.991181105,5.35e-05,1.991168313,1.58,,1.991282481;1.991206528;1.991181105,121,121,401,24,3,1,1,-1.6,1.6,0.0,4.0,8,55.8,04466f4
0.05,2.0,ladder,1.864752597,4.28e-05,1.864748370,1.87,,1.864804523;1.864763777;1.864752597,121,121,401,24,3,1,1,-1.6,1.6,0.0,4.0,8,26.9,04466f4
0.05,3.0,ladder,1.703957409,3.76e-05,1.703957325,2.66,,1.703960701;1.703957858;1.703957409,121,121,401,24,3,1,1,-1.6,1.6,0.0,4.0,8,28.5,04466f4
0.08,1.0,latticeQ,1.863026630,6.99e-05,,,,1.863044884;1.863078768;1.863082512;1.863054139;1.863061151;1.863026630,641,641,11,48,3,1,1,-1.6,1.6,0.0,4.0,8,6.8,04466f4
0.08,1.5,ladder,1.675399765,4.53e-05,1.675393535,1.67,,1.675456901;1.675413404;1.675399765,121,121,401,24,3,1,1,-1.6,1.6,0.0,4.0,8,54.9,04466f4
0.08,2.0,ladder,1.551393240,3.93e-05,1.551391785,1.93,,1.551412881;1.551397326;1.551393240,121,121,401,24,3,1,1,-1.6,1.6,0.0,4.0,8,25.2,04466f4
0.08,3.0,ladder,1.447999967,3.75e-05,1.447999947,3.02,,1.448001246;1.448000108;1.447999967,121,121,401,24,3,1,1,-1.6,1.6,0.0,4.0,8,26.4,04466f4
0.1,1.0,latticeQ,1.695348260,1.31e-04,,,,1.695446628;1.695471277;1.695412879;1.695308291;1.695390069;1.695348260,641,641,11,48,3,1,1,-1.6,1.6,0.0,4.0,8,6.7,04466f4
0.1,1.5,ladder,1.494143296,4.26e-05,1.494139243,1.71,,1.494182508;1.494152485;1.494143296,121,121,401,24,3,1,1,-1.6,1.6,0.0,4.0,8,54.5,04466f4
0.1,2.0,ladder,1.383478523,3.85e-05,1.383477724,1.91,,1.383489056;1.383480733;1.383478523,121,121,401,24,3,1,1,-1.6,1.6,0.0,4.0,8,25.5,04466f4
0.1,3.0,ladder,1.322012235,3.75e-05,1.322012224,3.01,,1.322012931;1.322012312;1.322012235,121,121,401,24,3,1,1,-1.6,1.6,0.0,4.0,8,27.3,04466f4
0.15,1.0,latticeQ,1.330466296,1.61e-04,,,,1.330494678;1.330343257;1.330530944;1.330569226;1.330440428;1.330466296,641,641,11,48,3,1,1,-1.6,1.6,0.0,4.0,8,6.6,04466f4
0.15,1.5,ladder,1.126589473,3.95e-05,1.126587907,1.76,,1.126605823;1.126593203;1.126589473,121,121,401,24,3,1,1,-1.6,1.6,0.0,4.0,8,53.3,04466f4
0.15,2.0,ladder,1.065878947,3.77e-05,1.065878772,2.00,,1.065881578;1.065879473;1.065878947,121,121,401,24,3,1,1,-1.6,1.6,0.0,4.0,8,24.9,04466f4
0.15,3.0,ladder,1.099693407,3.75e-05,,,,1.099693367;1.099693422;1.099693407,121,121,401,24,3,1,1,-1.6,1.6,0.0,4.0,8,26.1,04466f4
